Workbook

Sheet SSA Quintile Data (5pct)
A1: Economy | B1: Year | C1: Q1 ($/day, 2021 PPP) | D1: Q2 | E1: Q3 | F1: Q4 | G1: Q5 | H1: Cannot Afford at 5% (raw) | I1: Cannot Afford at 5% (numeric)
A2: Mozambique | B2: 2022 | C2: 0.62 | D2: 1.18 | E2: 1.76 | F2: 2.66 | G2: 7.96 | H2: 17.7M | I2: 17700000
A3: Niger | B3: 2022 | C3: 1.45 | D3: 2.19 | E3: 2.88 | F3: 3.92 | G3: 8.78 | H3: 17.1M | I3: 17100000
A4: Madagascar | B4: 2022 | C4: 0.6 | D4: 1.08 | E4: 1.52 | F4: 2.22 | G4: 5.31 | H4: 18.3M | I4: 18300000
A5: Burkina Faso | B5: 2022 | C5: 1.8 | D5: 2.84 | E5: 3.92 | F5: 5.77 | G5: 14.56 | H5: 14.5M | I5: 14500000
A6: Democratic Republic of the Congo | B6: 2022 | C6: 0.74 | D6: 1.36 | E6: 1.98 | F6: 2.96 | G6: 6.61 | H6: 72.9M | I6: 72900000
A7: Ethiopia | B7: 2022 | C7: 1.82 | D7: 3.05 | E7: 4.13 | F7: 5.35 | G7: 10.85 | H7: 44.5M | I7: 44500000
A8: Kenya | B8: 2022 | C8: 1.72 | D8: 2.67 | E8: 3.54 | F8: 4.98 | G8: 11.31 | H8: 11.9M | I8: 11900000
A9: Burundi | B9: 2022 | C9: 1.04 | D9: 1.7 | E9: 2.31 | F9: 3.22 | G9: 7.16 | H9: 11.4M | I9: 11400000
A10: Zambia | B10: 2022 | C10: 0.6 | D10: 1.27 | E10: 2.19 | F10: 3.89 | G10: 12.1 | H10: 9.6M | I10: 9600000
A11: South Sudan | B11: 2022 | C11: 0.68 | D11: 1.38 | E11: 2.06 | F11: 3.16 | G11: 7.19 | H11: 9.5M | I11: 9500000
A12: Cameroon | B12: 2022 | C12: 1.71 | D12: 3.29 | E12: 5.31 | F12: 8.39 | G12: 20.08 | H12: 4.5M | I12: 4500000
A13: Zimbabwe | B13: 2022 | C13: 1.42 | D13: 2.4 | E13: 3.62 | F13: 5.8 | G13: 17.08 | H13: 7.2M | I13: 7200000
... A44: Eswatini | B44: 2022 | C44: 1.38 | D44: 2.58 | E44: 4.07 | F44: 7.06 | G44: 22.9 | H44: 177.6K | I44: 177600
A46: Source: GOGLA/ESMAP MTR 2024 Data Explorer (mtr.esmap.org/data-explorer), affordability table at 5% energy-expenditure threshold. Quintile values = mean ability-to-pay per quintile (income x 5%), 2021 PPP USD/day. Cannot Afford = households needing >5% of income for Tier 1 PAYGo.

Sheet SSA Quintile Data (10pct)
A1: Economy | B1: Year | C1: Q1 ($/day, 2021 PPP) | D1: Q2 | E1: Q3 | F1: Q4 | G1: Q5 | H1: Cannot Afford at 10% (raw) | I1: Cannot Afford at 10% (numeric)
A2: Mozambique | B2: 2022 | C2: 1.23 | D2: 2.36 | E2: 3.52 | F2: 5.32 | G2: 15.92 | H2: 17.1M | I2: 17100000
A3: Niger | B3: 2022 | C3: 2.89 | D3: 4.38 | E3: 5.76 | F3: 7.85 | G3: 17.57 | H3: 11.8M | I3: 11800000
A4: Madagascar | B4: 2022 | C4: 1.2 | D4: 2.15 | E4: 3.04 | F4: 4.44 | G4: 10.61 | H4: 13.7M | I4: 13700000
A5: Burkina Faso | B5: 2022 | C5: 3.61 | D5: 5.68 | E5: 7.84 | F5: 11.54 | G5: 29.12 | H5: 6.5M | I5: 6500000
A6: Democratic Republic of the Congo | B6: 2022 | C6: 1.48 | D6: 2.73 | E6: 3.96 | F6: 5.91 | G6: 13.22 | H6: 58.2M | I6: 58200000
A7: Ethiopia | B7: 2022 | C7: 3.63 | D7: 6.1 | E7: 8.25 | F7: 10.7 | G7: 21.71 | H7: 22.7M | I7: 22700000
A8: Kenya | B8: 2022 | C8: 3.43 | D8: 5.33 | E8: 7.08 | F8: 9.96 | G8: 22.61 | H8: 9.5M | I8: 9500000
A9: Burundi | B9: 2022 | C9: 2.08 | D9: 3.4 | E9: 4.62 | F9: 6.44 | G9: 14.32 | H9: 8.5M | I9: 8500000
A10: Zambia | B10: 2022 | C10: 1.2 | D10: 2.54 | E10: 4.38 | F10: 7.78 | G10: 24.21 | H10: 7.6M | I10: 7600000
A11: South Sudan | B11: 2022 | C11: 1.36 | D11: 2.77 | E11: 4.12 | F11: 6.33 | G11: 14.38 | H11: 6.9M | I11: 6900000
A12: Cameroon | B12: 2022 | C12: 3.43 | D12: 6.57 | E12: 10.63 | F12: 16.79 | G12: 40.17 | H12: 2.6M | I12: 2600000
A13: Zimbabwe | B13: 2022 | C13: 2.84 | D13: 4.81 | E13: 7.23 | F13: 11.6 | G13: 34.16 | H13: 6M | I13: 6000000
... A44: Eswatini | B44: 2022 | C44: 2.75 | D44: 5.15 | E44: 8.15 | F44: 14.11 | G44: 45.79 | H44: 93.8K | I44: 93800
A46: Source: GOGLA/ESMAP MTR 2024 Data Explorer (mtr.esmap.org/data-explorer), affordability table at 10% energy-expenditure (stretch) threshold. Quintile values = ability-to-pay per quintile (income x 10%) — exactly 2x the 5% sheet's values, confirming both are ATP, not raw income. Cannot Afford = households needing >10% of income even at the stretch threshold (i.e., truly cannot afford).

Sheet SSA Total Unelectrified
A1: Economy | B1: Year | C1: Total Unelectrified (raw) | D1: Total Unelectrified (numeric) | E1: Share of Population Unelectrified (%)
A2: Mozambique | B2: 2022 | C2: 22M | D2: 22000000 | E2: 0.67
A3: Niger | B3: 2022 | C3: 21.1M | D3: 21100000 | E3: 0.8
A4: Madagascar | B4: 2022 | C4: 18.9M | D4: 18900000 | E4: 0.64
A5: Burkina Faso | B5: 2022 | C5: 18.4M | D5: 18400000 | E5: 0.81
A6: Democratic Republic of the Congo | B6: 2022 | C6: 77.7M | D6: 77700000 | E6: 0.79
A7: Ethiopia | B7: 2022 | C7: 55M | D7: 55000000 | E7: 0.45
A8: Kenya | B8: 2022 | C8: 13M | D8: 13000000 | E8: 0.24
A9: Burundi | B9: 2022 | C9: 11.6M | D9: 11600000 | E9: 0.9
A10: Zambia | B10: 2022 | C10: 10.4M | D10: 10400000 | E10: 0.52
A11: South Sudan | B11: 2022 | C11: 10M | D11: 10000000 | E11: 0.92
A12: Cameroon | B12: 2022 | C12: 8.1M | D12: 8100000 | E12: 0.29
A13: Zimbabwe | B13: 2022 | C13: 8.1M | D13: 8100000 | E13: 0.5
... A44: Eswatini | B44: 2022 | C44: 213K | D44: 213000 | E44: 0.18
A46: Source: GOGLA/ESMAP MTR 2024 Data Explorer — 'Total number of people lacking electricity access by region, 2005-2022' view.

Sheet Comparison
A1: Economy | B1: Total Unelectrified (Sheet3) | C1: Cannot Afford @5% (Sheet1) | D1: Cannot Afford @10% (Sheet2) | E1: GOGLA: Affordable % | F1: GOGLA: Stretch % | G1: GOGLA: Cannot % | H1: Your Model: Affordable % | I1: Your Model: Stretch % | J1: Your Model: Cannot % | K1: Diff Cannot % (Model−GOGLA, pp)
A2: Mozambique | B2: =IFERROR(INDEX('SSA Total Unelectrified'!$D$2:$D$44, MATCH($A2, 'SSA Total Unelectrified'!$A$2:$A$44, 0)), "n/a") -> 22000000 | C2: =IFERROR(INDEX('SSA Quintile Data (5pct)'!$I$2:$I$44, MATCH($A2, 'SSA Quintile Data (5pct)'!$A$2:$A$44, 0)), "n/a") -> 17700000 | D2: =IFERROR(INDEX('SSA Quintile Data (10pct)'!$I$2:$I$44, MATCH($A2, 'SSA Quintile Data (10pct)'!$A$2:$A$44, 0)), "n/a") -> 17100000 | E2: =IFERROR(($B2-$C2)/$B2, "n/a") -> 0.19545455 | F2: =IFERROR(($C2-$D2)/$B2, "n/a") -> 0.027272727 | G2: =IFERROR($D2/$B2, "n/a") -> 0.77727273 | H2: 0.001 | I2: 0.002 | J2: 0.997 | K2: =IFERROR(($J2-$G2)*100, "n/a") -> 21.972727
A3: Niger | B3: =IFERROR(INDEX('SSA Total Unelectrified'!$D$2:$D$44, MATCH($A3, 'SSA Total Unelectrified'!$A$2:$A$44, 0)), "n/a") -> 21100000 | C3: =IFERROR(INDEX('SSA Quintile Data (5pct)'!$I$2:$I$44, MATCH($A3, 'SSA Quintile Data (5pct)'!$A$2:$A$44, 0)), "n/a") -> 17100000 | D3: =IFERROR(INDEX('SSA Quintile Data (10pct)'!$I$2:$I$44, MATCH($A3, 'SSA Quintile Data (10pct)'!$A$2:$A$44, 0)), "n/a") -> 11800000 | E3: =IFERROR(($B3-$C3)/$B3, "n/a") -> 0.18957346 | F3: =IFERROR(($C3-$D3)/$B3, "n/a") -> 0.25118483 | G3: =IFERROR($D3/$B3, "n/a") -> 0.55924171 | H3: 0.009 | I3: 0.094 | J3: 0.897 | K3: =IFERROR(($J3-$G3)*100, "n/a") -> 33.775829
A4: Madagascar | B4: =IFERROR(INDEX('SSA Total Unelectrified'!$D$2:$D$44, MATCH($A4, 'SSA Total Unelectrified'!$A$2:$A$44, 0)), "n/a") -> 18900000 | C4: =IFERROR(INDEX('SSA Quintile Data (5pct)'!$I$2:$I$44, MATCH($A4, 'SSA Quintile Data (5pct)'!$A$2:$A$44, 0)), "n/a") -> 18300000 | D4: =IFERROR(INDEX('SSA Quintile Data (10pct)'!$I$2:$I$44, MATCH($A4, 'SSA Quintile Data (10pct)'!$A$2:$A$44, 0)), "n/a") -> 13700000 | E4: =IFERROR(($B4-$C4)/$B4, "n/a") -> 0.031746032 | F4: =IFERROR(($C4-$D4)/$B4, "n/a") -> 0.24338624 | G4: =IFERROR($D4/$B4, "n/a") -> 0.72486772 | H4: 0.001 | I4: 0.005 | J4: 0.994 | K4: =IFERROR(($J4-$G4)*100, "n/a") -> 26.913228
A5: Burkina Faso | B5: =IFERROR(INDEX('SSA Total Unelectrified'!$D$2:$D$44, MATCH($A5, 'SSA Total Unelectrified'!$A$2:$A$44, 0)), "n/a") -> 18400000 | C5: =IFERROR(INDEX('SSA Quintile Data (5pct)'!$I$2:$I$44, MATCH($A5, 'SSA Quintile Data (5pct)'!$A$2:$A$44, 0)), "n/a") -> 14500000 | D5: =IFERROR(INDEX('SSA Quintile Data (10pct)'!$I$2:$I$44, MATCH($A5, 'SSA Quintile Data (10pct)'!$A$2:$A$44, 0)), "n/a") -> 6500000 | E5: =IFERROR(($B5-$C5)/$B5, "n/a") -> 0.21195652 | F5: =IFERROR(($C5-$D5)/$B5, "n/a") -> 0.43478261 | G5: =IFERROR($D5/$B5, "n/a") -> 0.35326087 | H5: 0.003 | I5: 0.101 | J5: 0.896 | K5: =IFERROR(($J5-$G5)*100, "n/a") -> 54.273913
A6: Democratic Republic of the Congo | B6: =IFERROR(INDEX('SSA Total Unelectrified'!$D$2:$D$44, MATCH($A6, 'SSA Total Unelectrified'!$A$2:$A$44, 0)), "n/a") -> 77700000 | C6: =IFERROR(INDEX('SSA Quintile Data (5pct)'!$I$2:$I$44, MATCH($A6, 'SSA Quintile Data (5pct)'!$A$2:$A$44, 0)), "n/a") -> 72900000 | D6: =IFERROR(INDEX('SSA Quintile Data (10pct)'!$I$2:$I$44, MATCH($A6, 'SSA Quintile Data (10pct)'!$A$2:$A$44, 0)), "n/a") -> 58200000 | E6: =IFERROR(($B6-$C6)/$B6, "n/a") -> 0.061776062 | F6: =IFERROR(($C6-$D6)/$B6, "n/a") -> 0.18918919 | G6: =IFERROR($D6/$B6, "n/a") -> 0.74903475 | H6: 0.001 | I6: 0.012 | J6: 0.986 | K6: =IFERROR(($J6-$G6)*100, "n/a") -> 23.696525
A7: Ethiopia | B7: =IFERROR(INDEX('SSA Total Unelectrified'!$D$2:$D$44, MATCH($A7, 'SSA Total Unelectrified'!$A$2:$A$44, 0)), "n/a") -> 55000000 | C7: =IFERROR(INDEX('SSA Quintile Data (5pct)'!$I$2:$I$44, MATCH($A7, 'SSA Quintile Data (5pct)'!$A$2:$A$44, 0)), "n/a") -> 44500000 | D7: =IFERROR(INDEX('SSA Quintile Data (10pct)'!$I$2:$I$44, MATCH($A7, 'SSA Quintile Data (10pct)'!$A$2:$A$44, 0)), "n/a") -> 22700000 | E7: =IFERROR(($B7-$C7)/$B7, "n/a") -> 0.19090909 | F7: =IFERROR(($C7-$D7)/$B7, "n/a") -> 0.39636364 | G7: =IFERROR($D7/$B7, "n/a") -> 0.41272727 | H7: 0.029 | I7: 0.249 | J7: 0.722 | K7: =IFERROR(($J7-$G7)*100, "n/a") -> 30.927273
A8: Kenya | B8: =IFERROR(INDEX('SSA Total Unelectrified'!$D$2:$D$44, MATCH($A8, 'SSA Total Unelectrified'!$A$2:$A$44, 0)), "n/a") -> 13000000 | C8: =IFERROR(INDEX('SSA Quintile Data (5pct)'!$I$2:$I$44, MATCH($A8, 'SSA Quintile Data (5pct)'!$A$2:$A$44, 0)), "n/a") -> 11900000 | D8: =IFERROR(INDEX('SSA Quintile Data (10pct)'!$I$2:$I$44, MATCH($A8, 'SSA Quintile Data (10pct)'!$A$2:$A$44, 0)), "n/a") -> 9500000 | E8: =IFERROR(($B8-$C8)/$B8, "n/a") -> 0.084615385 | F8: =IFERROR(($C8-$D8)/$B8, "n/a") -> 0.18461538 | G8: =IFERROR($D8/$B8, "n/a") -> 0.73076923 | H8: 0.148 | I8: 0.16 | J8: 0.691 | K8: =IFERROR(($J8-$G8)*100, "n/a") -> -3.9769231
A9: Burundi | B9: =IFERROR(INDEX('SSA Total Unelectrified'!$D$2:$D$44, MATCH($A9, 'SSA Total Unelectrified'!$A$2:$A$44, 0)), "n/a") -> 11600000 | C9: =IFERROR(INDEX('SSA Quintile Data (5pct)'!$I$2:$I$44, MATCH($A9, 'SSA Quintile Data (5pct)'!$A$2:$A$44, 0)), "n/a") -> 11400000 | D9: =IFERROR(INDEX('SSA Quintile Data (10pct)'!$I$2:$I$44, MATCH($A9, 'SSA Quintile Data (10pct)'!$A$2:$A$44, 0)), "n/a") -> 8500000 | E9: =IFERROR(($B9-$C9)/$B9, "n/a") -> 0.017241379 | F9: =IFERROR(($C9-$D9)/$B9, "n/a") -> 0.25 | G9: =IFERROR($D9/$B9, "n/a") -> 0.73275862 | H9: 0.003 | I9: 0.003 | J9: 0.995 | K9: =IFERROR(($J9-$G9)*100, "n/a") -> 26.224138
A10: Zambia | B10: =IFERROR(INDEX('SSA Total Unelectrified'!$D$2:$D$44, MATCH($A10, 'SSA Total Unelectrified'!$A$2:$A$44, 0)), "n/a") -> 10400000 | C10: =IFERROR(INDEX('SSA Quintile Data (5pct)'!$I$2:$I$44, MATCH($A10, 'SSA Quintile Data (5pct)'!$A$2:$A$44, 0)), "n/a") -> 9600000 | D10: =IFERROR(INDEX('SSA Quintile Data (10pct)'!$I$2:$I$44, MATCH($A10, 'SSA Quintile Data (10pct)'!$A$2:$A$44, 0)), "n/a") -> 7600000 | E10: =IFERROR(($B10-$C10)/$B10, "n/a") -> 0.076923077 | F10: =IFERROR(($C10-$D10)/$B10, "n/a") -> 0.19230769 | G10: =IFERROR($D10/$B10, "n/a") -> 0.73076923 | H10: 0.001 | I10: 0.011 | J10: 0.988 | K10: =IFERROR(($J10-$G10)*100, "n/a") -> 25.723077
A11: South Sudan | B11: =IFERROR(INDEX('SSA Total Unelectrified'!$D$2:$D$44, MATCH($A11, 'SSA Total Unelectrified'!$A$2:$A$44, 0)), "n/a") -> 10000000 | C11: =IFERROR(INDEX('SSA Quintile Data (5pct)'!$I$2:$I$44, MATCH($A11, 'SSA Quintile Data (5pct)'!$A$2:$A$44, 0)), "n/a") -> 9500000 | D11: =IFERROR(INDEX('SSA Quintile Data (10pct)'!$I$2:$I$44, MATCH($A11, 'SSA Quintile Data (10pct)'!$A$2:$A$44, 0)), "n/a") -> 6900000 | E11: =IFERROR(($B11-$C11)/$B11, "n/a") -> 0.05 | F11: =IFERROR(($C11-$D11)/$B11, "n/a") -> 0.26 | G11: =IFERROR($D11/$B11, "n/a") -> 0.69 | K11: =IFERROR(($J11-$G11)*100, "n/a") -> -69
A12: Cameroon | B12: =IFERROR(INDEX('SSA Total Unelectrified'!$D$2:$D$44, MATCH($A12, 'SSA Total Unelectrified'!$A$2:$A$44, 0)), "n/a") -> 8100000 | C12: =IFERROR(INDEX('SSA Quintile Data (5pct)'!$I$2:$I$44, MATCH($A12, 'SSA Quintile Data (5pct)'!$A$2:$A$44, 0)), "n/a") -> 4500000 | D12: =IFERROR(INDEX('SSA Quintile Data (10pct)'!$I$2:$I$44, MATCH($A12, 'SSA Quintile Data (10pct)'!$A$2:$A$44, 0)), "n/a") -> 2600000 | E12: =IFERROR(($B12-$C12)/$B12, "n/a") -> 0.44444444 | F12: =IFERROR(($C12-$D12)/$B12, "n/a") -> 0.2345679 | G12: =IFERROR($D12/$B12, "n/a") -> 0.32098765 | H12: 0.024 | I12: 0.198 | J12: 0.777 | K12: =IFERROR(($J12-$G12)*100, "n/a") -> 45.601235
A13: Zimbabwe | B13: =IFERROR(INDEX('SSA Total Unelectrified'!$D$2:$D$44, MATCH($A13, 'SSA Total Unelectrified'!$A$2:$A$44, 0)), "n/a") -> 8100000 | C13: =IFERROR(INDEX('SSA Quintile Data (5pct)'!$I$2:$I$44, MATCH($A13, 'SSA Quintile Data (5pct)'!$A$2:$A$44, 0)), "n/a") -> 7200000 | D13: =IFERROR(INDEX('SSA Quintile Data (10pct)'!$I$2:$I$44, MATCH($A13, 'SSA Quintile Data (10pct)'!$A$2:$A$44, 0)), "n/a") -> 6000000 | E13: =IFERROR(($B13-$C13)/$B13, "n/a") -> 0.11111111 | F13: =IFERROR(($C13-$D13)/$B13, "n/a") -> 0.14814815 | G13: =IFERROR($D13/$B13, "n/a") -> 0.74074074 | H13: 0.115 | I13: 0.411 | J13: 0.475 | K13: =IFERROR(($J13-$G13)*100, "n/a") -> -26.574074
A14: Côte d'Ivoire | B14: =IFERROR(INDEX('SSA Total Unelectrified'!$D$2:$D$44, MATCH($A14, 'SSA Total Unelectrified'!$A$2:$A$44, 0)), "n/a") -> 8300000 | C14: =IFERROR(INDEX('SSA Quintile Data (5pct)'!$I$2:$I$44, MATCH($A14, 'SSA Quintile Data (5pct)'!$A$2:$A$44, 0)), "n/a") -> 5600000 | D14: =IFERROR(INDEX('SSA Quintile Data (10pct)'!$I$2:$I$44, MATCH($A14, 'SSA Quintile Data (10pct)'!$A$2:$A$44, 0)), "n/a") -> 2100000 | E14: =IFERROR(($B14-$C14)/$B14, "n/a") -> 0.3253012 | F14: =IFERROR(($C14-$D14)/$B14, "n/a") -> 0.42168675 | G14: =IFERROR($D14/$B14, "n/a") -> 0.25301205 | H14: 0.114 | I14: 0.623 | J14: 0.263 | K14: =IFERROR(($J14-$G14)*100, "n/a") -> 0.99879518
A15: Chad | B15: =IFERROR(INDEX('SSA Total Unelectrified'!$D$2:$D$44, MATCH($A15, 'SSA Total Unelectrified'!$A$2:$A$44, 0)), "n/a") -> 15600000 | C15: =IFERROR(INDEX('SSA Quintile Data (5pct)'!$I$2:$I$44, MATCH($A15, 'SSA Quintile Data (5pct)'!$A$2:$A$44, 0)), "n/a") -> 10600000 | D15: =IFERROR(INDEX('SSA Quintile Data (10pct)'!$I$2:$I$44, MATCH($A15, 'SSA Quintile Data (10pct)'!$A$2:$A$44, 0)), "n/a") -> 4200000 | E15: =IFERROR(($B15-$C15)/$B15, "n/a") -> 0.32051282 | F15: =IFERROR(($C15-$D15)/$B15, "n/a") -> 0.41025641 | G15: =IFERROR($D15/$B15, "n/a") -> 0.26923077 | H15: 0.031 | I15: 0.192 | J15: 0.778 | K15: =IFERROR(($J15-$G15)*100, "n/a") -> 50.876923
A16: Sierra Leone | B16: =IFERROR(INDEX('SSA Total Unelectrified'!$D$2:$D$44, MATCH($A16, 'SSA Total Unelectrified'!$A$2:$A$44, 0)), "n/a") -> 6100000 | C16: =IFERROR(INDEX('SSA Quintile Data (5pct)'!$I$2:$I$44, MATCH($A16, 'SSA Quintile Data (5pct)'!$A$2:$A$44, 0)), "n/a") -> 4800000 | D16: =IFERROR(INDEX('SSA Quintile Data (10pct)'!$I$2:$I$44, MATCH($A16, 'SSA Quintile Data (10pct)'!$A$2:$A$44, 0)), "n/a") -> 2200000 | E16: =IFERROR(($B16-$C16)/$B16, "n/a") -> 0.21311475 | F16: =IFERROR(($C16-$D16)/$B16, "n/a") -> 0.42622951 | G16: =IFERROR($D16/$B16, "n/a") -> 0.36065574 | H16: 0.001 | I16: 0.029 | J16: 0.97 | K16: =IFERROR(($J16-$G16)*100, "n/a") -> 60.934426
A17: Senegal | B17: =IFERROR(INDEX('SSA Total Unelectrified'!$D$2:$D$44, MATCH($A17, 'SSA Total Unelectrified'!$A$2:$A$44, 0)), "n/a") -> 5600000 | C17: =IFERROR(INDEX('SSA Quintile Data (5pct)'!$I$2:$I$44, MATCH($A17, 'SSA Quintile Data (5pct)'!$A$2:$A$44, 0)), "n/a") -> 4100000 | D17: =IFERROR(INDEX('SSA Quintile Data (10pct)'!$I$2:$I$44, MATCH($A17, 'SSA Quintile Data (10pct)'!$A$2:$A$44, 0)), "n/a") -> 1700000 | E17: =IFERROR(($B17-$C17)/$B17, "n/a") -> 0.26785714 | F17: =IFERROR(($C17-$D17)/$B17, "n/a") -> 0.42857143 | G17: =IFERROR($D17/$B17, "n/a") -> 0.30357143 | H17: 0.015 | I17: 0.325 | J17: 0.66 | K17: =IFERROR(($J17-$G17)*100, "n/a") -> 35.642857
A18: Ghana | B18: =IFERROR(INDEX('SSA Total Unelectrified'!$D$2:$D$44, MATCH($A18, 'SSA Total Unelectrified'!$A$2:$A$44, 0)), "n/a") -> 5000000 | C18: =IFERROR(INDEX('SSA Quintile Data (5pct)'!$I$2:$I$44, MATCH($A18, 'SSA Quintile Data (5pct)'!$A$2:$A$44, 0)), "n/a") -> 3900000 | D18: =IFERROR(INDEX('SSA Quintile Data (10pct)'!$I$2:$I$44, MATCH($A18, 'SSA Quintile Data (10pct)'!$A$2:$A$44, 0)), "n/a") -> 3200000 | E18: =IFERROR(($B18-$C18)/$B18, "n/a") -> 0.22 | F18: =IFERROR(($C18-$D18)/$B18, "n/a") -> 0.14 | G18: =IFERROR($D18/$B18, "n/a") -> 0.64 | H18: 0.047 | I18: 0.178 | J18: 0.776 | K18: =IFERROR(($J18-$G18)*100, "n/a") -> 13.6
A19: Togo | B19: =IFERROR(INDEX('SSA Total Unelectrified'!$D$2:$D$44, MATCH($A19, 'SSA Total Unelectrified'!$A$2:$A$44, 0)), "n/a") -> 3800000 | C19: =IFERROR(INDEX('SSA Quintile Data (5pct)'!$I$2:$I$44, MATCH($A19, 'SSA Quintile Data (5pct)'!$A$2:$A$44, 0)), "n/a") -> 3500000 | D19: =IFERROR(INDEX('SSA Quintile Data (10pct)'!$I$2:$I$44, MATCH($A19, 'SSA Quintile Data (10pct)'!$A$2:$A$44, 0)), "n/a") -> 2200000 | E19: =IFERROR(($B19-$C19)/$B19, "n/a") -> 0.078947368 | F19: =IFERROR(($C19-$D19)/$B19, "n/a") -> 0.34210526 | G19: =IFERROR($D19/$B19, "n/a") -> 0.57894737 | H19: 0.006 | I19: 0.159 | J19: 0.835 | K19: =IFERROR(($J19-$G19)*100, "n/a") -> 25.605263
A20: Liberia | B20: =IFERROR(INDEX('SSA Total Unelectrified'!$D$2:$D$44, MATCH($A20, 'SSA Total Unelectrified'!$A$2:$A$44, 0)), "n/a") -> 3600000 | C20: =IFERROR(INDEX('SSA Quintile Data (5pct)'!$I$2:$I$44, MATCH($A20, 'SSA Quintile Data (5pct)'!$A$2:$A$44, 0)), "n/a") -> 2800000 | D20: =IFERROR(INDEX('SSA Quintile Data (10pct)'!$I$2:$I$44, MATCH($A20, 'SSA Quintile Data (10pct)'!$A$2:$A$44, 0)), "n/a") -> 1300000 | E20: =IFERROR(($B20-$C20)/$B20, "n/a") -> 0.22222222 | F20: =IFERROR(($C20-$D20)/$B20, "n/a") -> 0.41666667 | G20: =IFERROR($D20/$B20, "n/a") -> 0.36111111 | H20: 0 | I20: 0.017 | J20: 0.983 | K20: =IFERROR(($J20-$G20)*100, "n/a") -> 62.188889
A21: Mauritania | B21: =IFERROR(INDEX('SSA Total Unelectrified'!$D$2:$D$44, MATCH($A21, 'SSA Total Unelectrified'!$A$2:$A$44, 0)), "n/a") -> 2400000 | C21: =IFERROR(INDEX('SSA Quintile Data (5pct)'!$I$2:$I$44, MATCH($A21, 'SSA Quintile Data (5pct)'!$A$2:$A$44, 0)), "n/a") -> 1300000 | D21: =IFERROR(INDEX('SSA Quintile Data (10pct)'!$I$2:$I$44, MATCH($A21, 'SSA Quintile Data (10pct)'!$A$2:$A$44, 0)), "n/a") -> 412500 | E21: =IFERROR(($B21-$C21)/$B21, "n/a") -> 0.45833333 | F21: =IFERROR(($C21-$D21)/$B21, "n/a") -> 0.36979167 | G21: =IFERROR($D21/$B21, "n/a") -> 0.171875 | H21: 0.061 | I21: 0.597 | J21: 0.342 | K21: =IFERROR(($J21-$G21)*100, "n/a") -> 17.0125
A22: Benin | B22: =IFERROR(INDEX('SSA Total Unelectrified'!$D$2:$D$44, MATCH($A22, 'SSA Total Unelectrified'!$A$2:$A$44, 0)), "n/a") -> 5800000 | C22: =IFERROR(INDEX('SSA Quintile Data (5pct)'!$I$2:$I$44, MATCH($A22, 'SSA Quintile Data (5pct)'!$A$2:$A$44, 0)), "n/a") -> 4000000 | D22: =IFERROR(INDEX('SSA Quintile Data (10pct)'!$I$2:$I$44, MATCH($A22, 'SSA Quintile Data (10pct)'!$A$2:$A$44, 0)), "n/a") -> 2000000 | E22: =IFERROR(($B22-$C22)/$B22, "n/a") -> 0.31034483 | F22: =IFERROR(($C22-$D22)/$B22, "n/a") -> 0.34482759 | G22: =IFERROR($D22/$B22, "n/a") -> 0.34482759 | H22: 0.019 | I22: 0.304 | J22: 0.677 | K22: =IFERROR(($J22-$G22)*100, "n/a") -> 33.217241
A23: Rwanda | B23: =IFERROR(INDEX('SSA Total Unelectrified'!$D$2:$D$44, MATCH($A23, 'SSA Total Unelectrified'!$A$2:$A$44, 0)), "n/a") -> 6800000 | C23: =IFERROR(INDEX('SSA Quintile Data (5pct)'!$I$2:$I$44, MATCH($A23, 'SSA Quintile Data (5pct)'!$A$2:$A$44, 0)), "n/a") -> 6300000 | D23: =IFERROR(INDEX('SSA Quintile Data (10pct)'!$I$2:$I$44, MATCH($A23, 'SSA Quintile Data (10pct)'!$A$2:$A$44, 0)), "n/a") -> 4800000 | E23: =IFERROR(($B23-$C23)/$B23, "n/a") -> 0.073529412 | F23: =IFERROR(($C23-$D23)/$B23, "n/a") -> 0.22058824 | G23: =IFERROR($D23/$B23, "n/a") -> 0.70588235 | H23: 0.032 | I23: 0.129 | J23: 0.84 | K23: =IFERROR(($J23-$G23)*100, "n/a") -> 13.411765
... A35: Guinea | B35: =IFERROR(INDEX('SSA Total Unelectrified'!$D$2:$D$44, MATCH($A35, 'SSA Total Unelectrified'!$A$2:$A$44, 0)), "n/a") -> 7200000 | C35: =IFERROR(INDEX('SSA Quintile Data (5pct)'!$I$2:$I$44, MATCH($A35, 'SSA Quintile Data (5pct)'!$A$2:$A$44, 0)), "n/a") -> 6100000 | D35: =IFERROR(INDEX('SSA Quintile Data (10pct)'!$I$2:$I$44, MATCH($A35, 'SSA Quintile Data (10pct)'!$A$2:$A$44, 0)), "n/a") -> 1600000 | E35: =IFERROR(($B35-$C35)/$B35, "n/a") -> 0.15277778 | F35: =IFERROR(($C35-$D35)/$B35, "n/a") -> 0.625 | G35: =IFERROR($D35/$B35, "n/a") -> 0.22222222 | H35: 0.044 | I35: 0.608 | J35: 0.347 | K35: =IFERROR(($J35-$G35)*100, "n/a") -> 12.477778
A36: Sudan | B36: =IFERROR(INDEX('SSA Total Unelectrified'!$D$2:$D$44, MATCH($A36, 'SSA Total Unelectrified'!$A$2:$A$44, 0)), "n/a") -> 17200000 | C36: =IFERROR(INDEX('SSA Quintile Data (5pct)'!$I$2:$I$44, MATCH($A36, 'SSA Quintile Data (5pct)'!$A$2:$A$44, 0)), "n/a") -> 13800000 | D36: =IFERROR(INDEX('SSA Quintile Data (10pct)'!$I$2:$I$44, MATCH($A36, 'SSA Quintile Data (10pct)'!$A$2:$A$44, 0)), "n/a") -> 3900000 | E36: =IFERROR(($B36-$C36)/$B36, "n/a") -> 0.19767442 | F36: =IFERROR(($C36-$D36)/$B36, "n/a") -> 0.5755814 | G36: =IFERROR($D36/$B36, "n/a") -> 0.22674419 | K36: =IFERROR(($J36-$G36)*100, "n/a") -> -22.674419
A37: Central African Republic | B37: =IFERROR(INDEX('SSA Total Unelectrified'!$D$2:$D$44, MATCH($A37, 'SSA Total Unelectrified'!$A$2:$A$44, 0)), "n/a") -> 4700000 | C37: =IFERROR(INDEX('SSA Quintile Data (5pct)'!$I$2:$I$44, MATCH($A37, 'SSA Quintile Data (5pct)'!$A$2:$A$44, 0)), "n/a") -> 3500000 | D37: =IFERROR(INDEX('SSA Quintile Data (10pct)'!$I$2:$I$44, MATCH($A37, 'SSA Quintile Data (10pct)'!$A$2:$A$44, 0)), "n/a") -> 3200000 | E37: =IFERROR(($B37-$C37)/$B37, "n/a") -> 0.25531915 | F37: =IFERROR(($C37-$D37)/$B37, "n/a") -> 0.063829787 | G37: =IFERROR($D37/$B37, "n/a") -> 0.68085106 | H37: 0.001 | I37: 0.003 | J37: 0.996 | K37: =IFERROR(($J37-$G37)*100, "n/a") -> 31.514894
A38: Uganda | B38: =IFERROR(INDEX('SSA Total Unelectrified'!$D$2:$D$44, MATCH($A38, 'SSA Total Unelectrified'!$A$2:$A$44, 0)), "n/a") -> 25000000 | C38: =IFERROR(INDEX('SSA Quintile Data (5pct)'!$I$2:$I$44, MATCH($A38, 'SSA Quintile Data (5pct)'!$A$2:$A$44, 0)), "n/a") -> 22100000 | D38: =IFERROR(INDEX('SSA Quintile Data (10pct)'!$I$2:$I$44, MATCH($A38, 'SSA Quintile Data (10pct)'!$A$2:$A$44, 0)), "n/a") -> 17100000 | E38: =IFERROR(($B38-$C38)/$B38, "n/a") -> 0.116 | F38: =IFERROR(($C38-$D38)/$B38, "n/a") -> 0.2 | G38: =IFERROR($D38/$B38, "n/a") -> 0.684 | H38: 0.005 | I38: 0.142 | J38: 0.853 | K38: =IFERROR(($J38-$G38)*100, "n/a") -> 16.9
A39: Malawi | B39: =IFERROR(INDEX('SSA Total Unelectrified'!$D$2:$D$44, MATCH($A39, 'SSA Total Unelectrified'!$A$2:$A$44, 0)), "n/a") -> 17600000 | C39: =IFERROR(INDEX('SSA Quintile Data (5pct)'!$I$2:$I$44, MATCH($A39, 'SSA Quintile Data (5pct)'!$A$2:$A$44, 0)), "n/a") -> 17100000 | D39: =IFERROR(INDEX('SSA Quintile Data (10pct)'!$I$2:$I$44, MATCH($A39, 'SSA Quintile Data (10pct)'!$A$2:$A$44, 0)), "n/a") -> 13200000 | E39: =IFERROR(($B39-$C39)/$B39, "n/a") -> 0.028409091 | F39: =IFERROR(($C39-$D39)/$B39, "n/a") -> 0.22159091 | G39: =IFERROR($D39/$B39, "n/a") -> 0.75 | H39: 0.008 | I39: 0.036 | J39: 0.956 | K39: =IFERROR(($J39-$G39)*100, "n/a") -> 20.6
A40: Republic of Congo | B40: =IFERROR(INDEX('SSA Total Unelectrified'!$D$2:$D$44, MATCH($A40, 'SSA Total Unelectrified'!$A$2:$A$44, 0)), "n/a") -> 3000000 | C40: =IFERROR(INDEX('SSA Quintile Data (5pct)'!$I$2:$I$44, MATCH($A40, 'SSA Quintile Data (5pct)'!$A$2:$A$44, 0)), "n/a") -> 2100000 | D40: =IFERROR(INDEX('SSA Quintile Data (10pct)'!$I$2:$I$44, MATCH($A40, 'SSA Quintile Data (10pct)'!$A$2:$A$44, 0)), "n/a") -> 661000 | E40: =IFERROR(($B40-$C40)/$B40, "n/a") -> 0.3 | F40: =IFERROR(($C40-$D40)/$B40, "n/a") -> 0.47966667 | G40: =IFERROR($D40/$B40, "n/a") -> 0.22033333 | H40: 0.004 | I40: 0.085 | J40: 0.911 | K40: =IFERROR(($J40-$G40)*100, "n/a") -> 69.066667
A41: Guinea-Bissau | B41: =IFERROR(INDEX('SSA Total Unelectrified'!$D$2:$D$44, MATCH($A41, 'SSA Total Unelectrified'!$A$2:$A$44, 0)), "n/a") -> 1300000 | C41: =IFERROR(INDEX('SSA Quintile Data (5pct)'!$I$2:$I$44, MATCH($A41, 'SSA Quintile Data (5pct)'!$A$2:$A$44, 0)), "n/a") -> 1000000 | D41: =IFERROR(INDEX('SSA Quintile Data (10pct)'!$I$2:$I$44, MATCH($A41, 'SSA Quintile Data (10pct)'!$A$2:$A$44, 0)), "n/a") -> 428200 | E41: =IFERROR(($B41-$C41)/$B41, "n/a") -> 0.23076923 | F41: =IFERROR(($C41-$D41)/$B41, "n/a") -> 0.43984615 | G41: =IFERROR($D41/$B41, "n/a") -> 0.32938462 | H41: 0.001 | I41: 0.213 | J41: 0.785 | K41: =IFERROR(($J41-$G41)*100, "n/a") -> 45.561538
A42: Angola | B42: =IFERROR(INDEX('SSA Total Unelectrified'!$D$2:$D$44, MATCH($A42, 'SSA Total Unelectrified'!$A$2:$A$44, 0)), "n/a") -> 18300000 | C42: =IFERROR(INDEX('SSA Quintile Data (5pct)'!$I$2:$I$44, MATCH($A42, 'SSA Quintile Data (5pct)'!$A$2:$A$44, 0)), "n/a") -> 12500000 | D42: =IFERROR(INDEX('SSA Quintile Data (10pct)'!$I$2:$I$44, MATCH($A42, 'SSA Quintile Data (10pct)'!$A$2:$A$44, 0)), "n/a") -> 7400000 | E42: =IFERROR(($B42-$C42)/$B42, "n/a") -> 0.31693989 | F42: =IFERROR(($C42-$D42)/$B42, "n/a") -> 0.27868852 | G42: =IFERROR($D42/$B42, "n/a") -> 0.40437158 | K42: =IFERROR(($J42-$G42)*100, "n/a") -> -40.437158
A43: Mali | B43: =IFERROR(INDEX('SSA Total Unelectrified'!$D$2:$D$44, MATCH($A43, 'SSA Total Unelectrified'!$A$2:$A$44, 0)), "n/a") -> 10600000 | C43: =IFERROR(INDEX('SSA Quintile Data (5pct)'!$I$2:$I$44, MATCH($A43, 'SSA Quintile Data (5pct)'!$A$2:$A$44, 0)), "n/a") -> 8800000 | D43: =IFERROR(INDEX('SSA Quintile Data (10pct)'!$I$2:$I$44, MATCH($A43, 'SSA Quintile Data (10pct)'!$A$2:$A$44, 0)), "n/a") -> 1900000 | E43: =IFERROR(($B43-$C43)/$B43, "n/a") -> 0.16981132 | F43: =IFERROR(($C43-$D43)/$B43, "n/a") -> 0.6509434 | G43: =IFERROR($D43/$B43, "n/a") -> 0.17924528 | H43: 0.001 | I43: 0.127 | J43: 0.872 | K43: =IFERROR(($J43-$G43)*100, "n/a") -> 69.275472
A44: Eswatini | B44: =IFERROR(INDEX('SSA Total Unelectrified'!$D$2:$D$44, MATCH($A44, 'SSA Total Unelectrified'!$A$2:$A$44, 0)), "n/a") -> 213000 | C44: =IFERROR(INDEX('SSA Quintile Data (5pct)'!$I$2:$I$44, MATCH($A44, 'SSA Quintile Data (5pct)'!$A$2:$A$44, 0)), "n/a") -> 177600 | D44: =IFERROR(INDEX('SSA Quintile Data (10pct)'!$I$2:$I$44, MATCH($A44, 'SSA Quintile Data (10pct)'!$A$2:$A$44, 0)), "n/a") -> 93800 | E44: =IFERROR(($B44-$C44)/$B44, "n/a") -> 0.16619718 | F44: =IFERROR(($C44-$D44)/$B44, "n/a") -> 0.39342723 | G44: =IFERROR($D44/$B44, "n/a") -> 0.44037559 | H44: 0.276 | I44: 0.302 | J44: 0.422 | K44: =IFERROR(($J44-$G44)*100, "n/a") -> -1.8375587
A46: SSA AGGREGATE | B46: =SUM(B2:B44) -> 576762000 | C46: =SUM(C2:C44) -> 480749700 | D46: =SUM(D2:D44) -> 311703300 | E46: =(B46-C46)/B46 -> 0.1664678 | F46: =(C46-D46)/B46 -> 0.29309559 | G46: =D46/B46 -> 0.54043661
A48: Fill in columns H/I/J ('Your Model') with your model's affordable/stretch/cannot %% per country to auto-compute the diff in column K. IMPORTANT: GOGLA 'Cannot %%' here = needs >10%% of income even at stretch threshold (true cannot-afford), matching your model's ENERGY_HIGH=0.10 definition. Do not compare against the 5%% threshold column directly — they measure different things (needs >5%% vs needs >10%%).
